Municipality,General Region,Geographic area ,Geographic Area 2,Compass Location
Addington Highlands,Southeastern Ontario,Lennox,Kenora,Northwestern Ontario
Adelaide-Metcalfe,Southwestern Ontario,Middlesex,Rainy River,Northwestern Ontario
Adjala-Tosorontio,Southwestern Ontario,Simcoe,Thunder Bay,Northwestern Ontario
Admaston/Bromley,Southeastern Ontario,Renfrew,Northumberland County,Northwestern Ontario
Ajax,Greater Toronto Area,Durham,northumberland-peterborough south,Northwestern Ontario
Alberton,Northwestern Ontario,Rainy River,Whitewater ,Southeastern Ontario
Alfred and Plantagenet,Southeastern Ontario,Prescott and Russell,Renfrew,Southeastern Ontario
Algonquin Highlands,Southcentral Ontario,haliburton,Ottawa,Southeastern Ontario
Alnwick/Haldimand,Southeastern Ontario,Northumberland,Clarence-Rockland,Southeastern Ontario
Amaranth,Greater Toronto Area,Dufferin,Prescott and Russell,Southeastern Ontario
Amherstburg,Southwestern Ontario,Essex,North Stormont,Southeastern Ontario
Armour,Southcentral Ontario,Parry Sound,Glengarry,Southeastern Ontario
Armstrong,Central Ontario,Timiskaming,North Glengarry,Southeastern Ontario
Arnprior,Southeastern Ontario,Renfrew,"Stormont, Dundas and Glengarry",Southeastern Ontario
Arran-Elderslie,Southcentral Ontario,Bruce,Stormont,Southeastern Ontario
Ashfield-Colborne-Wawanosh,Southcentral Ontario,Huron,North Grenville,Southeastern Ontario
Asphodel-Norwood,Greater Toronto Area,Peterborough,Leeds and Grenville,Southeastern Ontario
Assiginack,Central Ontario,Manitoulin,South Dundas,Southeastern Ontario
Athens,Southeastern Ontario,Leeds and Grenville,Lanark,Southeastern Ontario
Atikokan,Northwestern Ontario,Rainy River,Perth,Southeastern Ontario
Augusta,Southeastern Ontario,Leeds and Grenville,Leeds,Southeastern Ontario
Aurora,Greater Toronto Area,York,Kingston,Southeastern Ontario
Aylmer,Southwestern Ontario,Elgin,Frontenac,Southeastern Ontario
Baldwin,Central Ontario,Sudbury,Wellington,Southeastern Ontario
Bancroft,Southcentral Ontario,Hastings,Prince Edward County,Southeastern Ontario
Barrie,Southwestern Ontario,Simcoe,Prince Edward,Southeastern Ontario
Bayham,Southwestern Ontario,Elgin,Lennox and Addington,Southeastern Ontario
Beckwith,Southeastern Ontario,Lanark,Lennox,Southeastern Ontario
Belleville,Southcentral Ontario,Hastings,Northumberland,Southeastern Ontario
Billings,Central Ontario,Manitoulin,Algoma,Central Ontario
Black River-Matheson,Central Ontario,Cochrane,Cochrane,Central Ontario
Blandford-Blenheim,Southwestern Ontario,Oxford,Manitoulin,Central Ontario
Blind River,Central Ontario,Algoma,Timmins,Central Ontario
Bluewater,Southcentral Ontario,Huron,Nipissing,Central Ontario
Bonfield,Central Ontario,Nipissing,Sudbury,Central Ontario
Bonnechere Valley,Southeastern Ontario,Renfrew,Timiskaming,Central Ontario
Bracebridge,Southcentral Ontario,Muskoka,Parry Sound,Southcentral Ontario
Bradford West Gwillimbury,Southwestern Ontario,Simcoe,Muskoka,Southcentral Ontario
Brampton,Greater Toronto Area,Peel,Huntsville,Southcentral Ontario
Brant,Southwestern Ontario,Brant,Midland,Southcentral Ontario
Brantford,Southwestern Ontario,Brant,Haliburton,Southcentral Ontario
Brethour,Central Ontario,Timiskaming,Trent - Severn,Southcentral Ontario
Brighton,Southeastern Ontario,Northumberland,Bruce Peninsula,Southcentral Ontario
Brock,Greater Toronto Area,Durham,Arran-Elderslie,Southcentral Ontario
Brockton,Southcentral Ontario,Bruce,Bruce,Southcentral Ontario
Brockville,Southeastern Ontario,Leeds and Grenville,Grey Highlands,Southcentral Ontario
Brooke-Alvinston,Southwestern Ontario,Lambton,Grey,Southcentral Ontario
Bruce,Southcentral Ontario,Bruce,Bruce County,Southcentral Ontario
Bruce Mines,Central Ontario,Algoma,Kincardine,Southcentral Ontario
"Brudenell, Lyndoch and Raglan",Southeastern Ontario,Renfrew,Huron,Southcentral Ontario
Burk's Falls,Southcentral Ontario,Parry Sound,Kawarthas,Southcentral Ontario
Burlington,Greater Toronto Area,Halton,Kawartha Lakes,Southcentral Ontario
Burpee and Mills,Central Ontario,Manitoulin,Brock,Southcentral Ontario
Caledon,Greater Toronto Area,Peel,Innisfil,Southcentral Ontario
Callander,Southcentral Ontario,Parry Sound,Hastings,Southcentral Ontario
Calvin,Central Ontario,Nipissing,Durham,Greater Toronto Area
Cambridge,Greater Toronto Area,Waterloo,Dufferin,Greater Toronto Area
Carleton Place,Southeastern Ontario,Lanark,Victoria,Greater Toronto Area
Carling,Southcentral Ontario,Parry Sound,Peel,Greater Toronto Area
Carlow/Mayo,Southcentral Ontario,Hastings,Halton,Greater Toronto Area
Casey,Central Ontario,Timiskaming,Peterborough,Greater Toronto Area
Casselman,Southeastern Ontario,Prescott and Russell,York,Greater Toronto Area
Cavan Monaghan,Greater Toronto Area,Peterborough,Vaughan,Greater Toronto Area
Central Elgin,Southwestern Ontario,Elgin,Brampton,Greater Toronto Area
Central Frontenac,Southeastern Ontario,Frontenac,Toronto,Greater Toronto Area
Central Huron,Southcentral Ontario,Huron,Clarington,Greater Toronto Area
Central Manitoulin,Central Ontario,Manitoulin,Caledon,Greater Toronto Area
Centre Hastings,Southcentral Ontario,Hastings,Waterloo,Greater Toronto Area
Centre Wellington,Southeastern Ontario,Wellington,Kitchener,Greater Toronto Area
Chamberlain,Central Ontario,Timiskaming,Hamilton,Greater Toronto Area
Champlain,Southeastern Ontario,Prescott and Russell,Niagara,Southwestern Ontario
Chapleau,Central Ontario,Sudbury,Lincoln,Southwestern Ontario
Chapple,Northwestern Ontario,Rainy River,Brant,Southwestern Ontario
Charlton and Dack,Central Ontario,Timiskaming,Oakland - Brant,Southwestern Ontario
Chatham-Kent,Southwestern Ontario,Chatham-Kent,Simcoe,Southwestern Ontario
Chatsworth,Southcentral Ontario,Grey,Norfolk,Southwestern Ontario
Chisholm,Central Ontario,Nipissing,Oxford,Southwestern Ontario
Clarence-Rockland,Southeastern Ontario,Prescott and Russell,Middlesex,Southwestern Ontario
Clarington,Greater Toronto Area,Durham,Calton,Southwestern Ontario
Clearview,Southwestern Ontario,Simcoe,Elgin,Southwestern Ontario
Cobalt,Central Ontario,Timiskaming,Dutton,Southwestern Ontario
Cobourg,Southeastern Ontario,Northumberland,Lambton,Southwestern Ontario
Cochrane,Central Ontario,Cochrane,Chatham - Kent,Southwestern Ontario
Cockburn Island,Central Ontario,Manitoulin,Chatham-Kent,Southwestern Ontario
Coleman,Central Ontario,Timiskaming,St. Clair Township,Southwestern Ontario
Collingwood,Southwestern Ontario,Simcoe,Lakeshore,Southwestern Ontario
Conmee,Northwestern Ontario,Thunder Bay,Essex,Southwestern Ontario
Cornwall,Southeastern Ontario,"Stormont, Dundas and Glengarry",Tecumseh,Southwestern Ontario
Cramahe,Southeastern Ontario,Northumberland,Windsor,Southwestern Ontario
Dawn-Euphemia,Southwestern Ontario,Lambton,,
Dawson,Northwestern Ontario,Rainy River,,
Deep River,Southeastern Ontario,Renfrew,,
Deseronto,Southcentral Ontario,Hastings,,
Dorion,Northwestern Ontario,Thunder Bay,,
Douro-Dummer,Greater Toronto Area,Peterborough,,
Drummond/North Elmsley,Southeastern Ontario,Lanark,,
Dryden,Northwestern Ontario,Kenora,,
Dubreuilville,Central Ontario,Algoma,,
Dufferin,Greater Toronto Area,Dufferin,,
Durham,Greater Toronto Area,Durham,,
Dutton/Dunwich,Southwestern Ontario,Elgin,,
Dysart et al,Southcentral Ontario,Haliburton,,
Ear Falls,Northwestern Ontario,Kenora,,
East Ferris,Central Ontario,Nipissing,,
East Garafraxa,Greater Toronto Area,Dufferin,,
East Gwillimbury,Greater Toronto Area,York,,
East Hawkesbury,Southeastern Ontario,Prescott and Russell,,
East Zorra-Tavistock,Southwestern Ontario,Oxford,,
Edwardsburgh/Cardinal,Southeastern Ontario,Leeds and Grenville,,
Elgin,Southwestern Ontario,Elgin,,
Elizabethtown-Kitley,Southeastern Ontario,Leeds and Grenville,,
Elliot Lake,Central Ontario,Algoma,,
Emo,Northwestern Ontario,Rainy River,,
Englehart,Central Ontario,Timiskaming,,
Enniskillen,Southwestern Ontario,Lambton,,
Erin,Southeastern Ontario,Wellington,,
Espanola,Central Ontario,Sudbury,,
Essa,Southwestern Ontario,Simcoe,,
Essex,Southwestern Ontario,Essex,,
Evanturel,Central Ontario,Timiskaming,,
Faraday,Southcentral Ontario,Hastings,,
Fauquier-Strickland,Central Ontario,Cochrane,,
Fort Erie,Southwestern Ontario,Niagara,,
Fort Frances,Northwestern Ontario,Rainy River,,
French River,Central Ontario,Sudbury,,
Front of Yonge,Southeastern Ontario,Leeds and Grenville,,
Frontenac,Southeastern Ontario,Frontenac,,
Frontenac Islands,Southeastern Ontario,Frontenac,,
Gananoque,Southeastern Ontario,Leeds and Grenville,,
Gauthier,Central Ontario,Timiskaming,,
Georgian Bay,Southcentral Ontario,Muskoka,,
Georgian Bluffs,Southcentral Ontario,Grey,,
Georgina,Greater Toronto Area,York,,
Gillies,Northwestern Ontario,Thunder Bay,,
Goderich,Southcentral Ontario,Huron,,
Gordon/Barrie Island,Central Ontario,Manitoulin,,
Gore Bay,Central Ontario,Manitoulin,,
Grand Valley,Greater Toronto Area,Dufferin,,
Gravenhurst,Southcentral Ontario,Muskoka,,
Greater Madawaska,Southeastern Ontario,Renfrew,,
Greater Napanee,Southeastern Ontario,Lennox and Addington,,
Greater Sudbury,Central Ontario,Sudbury,,
Greenstone,Northwestern Ontario,Thunder Bay,,
Grey,Southcentral Ontario,Grey,,
Grey Highlands,Southcentral Ontario,Grey,,
Grimsby,Southwestern Ontario,Niagara,,
Guelph,Southeastern Ontario,Wellington,,
Guelph/Eramosa,Southeastern Ontario,Wellington,,
Haldimand County,Southeastern Ontario,Northumberland,,
Haliburton,Southcentral Ontario,Haliburton,,
Halton,Greater Toronto Area,Halton,,
Halton Hills,Greater Toronto Area,Halton,,
Hamilton,Greater Toronto Area,Hamilton,,
Hanover,Southcentral Ontario,Grey,,
Harley,Central Ontario,Timiskaming,,
Harris,Central Ontario,Timiskaming,,
Hastings,Southcentral Ontario,Hastings,,
Hastings Highlands,Southcentral Ontario,Hastings,,
Havelock-Belmont-Methuen,Greater Toronto Area,Peterborough,,
Hawkesbury,Southeastern Ontario,Prescott and Russell,,
"Head, Clara and Maria",Southeastern Ontario,Renfrew,,
Hearst,Central Ontario,Cochrane,,
Highlands East,Southcentral Ontario,Haliburton,,
Hilliard,Central Ontario,Timiskaming,,
Hilton,Central Ontario,Algoma,,
Hilton Beach,Central Ontario,Algoma,,
Hornepayne,Central Ontario,Algoma,,
Horton,Southeastern Ontario,Renfrew,,
Howick,Southcentral Ontario,Huron,,
Hudson,Central Ontario,Timiskaming,,
Huntsville,Southcentral Ontario,Muskoka,,
Huron,Southcentral Ontario,Huron,,
Huron East,Southcentral Ontario,Huron,,
Huron Shores,Central Ontario,Algoma,,
Huron-Kinloss,Southcentral Ontario,Bruce,,
Ignace,Northwestern Ontario,Kenora,,
Ingersoll,Southwestern Ontario,Oxford,,
Innisfil,Southwestern Ontario,Simcoe,,
Iroquois Falls,Central Ontario,Cochrane,,
James,Central Ontario,Timiskaming,,
Jocelyn,Central Ontario,Algoma,,
Johnson,Central Ontario,Algoma,,
Joly,Southcentral Ontario,Parry Sound,,
Kapuskasing,Central Ontario,Cochrane,,
Kawartha Lakes,Southcentral Ontario,Kawartha Lakes,,
Kearney,Southcentral Ontario,Parry Sound,,
Kenora,Northwestern Ontario,Kenora,,
Kerns,Central Ontario,Timiskaming,,
"Killaloe, Hagarty and Richards",Southeastern Ontario,Renfrew,,
Killarney,Central Ontario,Sudbury,,
Kincardine,Southcentral Ontario,Bruce,,
King,Greater Toronto Area,York,,
Kingston,Southeastern Ontario,Frontenac,,
Kingsville,Southwestern Ontario,Essex,,
Kirkland Lake,Central Ontario,Timiskaming,,
Kitchener,Greater Toronto Area,Waterloo,,
La Vallee,Northwestern Ontario,Rainy River,,
LaSalle,Southwestern Ontario,Essex,,
Laird,Central Ontario,Algoma,,
Lake of Bays,Southcentral Ontario,Muskoka,,
Lake of the Woods,Northwestern Ontario,Rainy River,,
Lakeshore,Southwestern Ontario,Essex,,
Lambton,Southwestern Ontario,Lambton,,
Lambton Shores,Southwestern Ontario,Lambton,,
Lanark,Southeastern Ontario,Lanark,,
Lanark Highlands,Southeastern Ontario,Lanark,,
Larder Lake,Central Ontario,Timiskaming,,
Latchford,Central Ontario,Timiskaming,,
Laurentian Hills,Southeastern Ontario,Renfrew,,
Laurentian Valley,Southeastern Ontario,Renfrew,,
Leamington,Southwestern Ontario,Essex,,
Leeds and Grenville,Southeastern Ontario,Leeds and Grenville,,
Leeds and the Thousand Islands,Southeastern Ontario,Leeds and Grenville,,
Lennox and Addington,Southeastern Ontario,Lennox and Addington,,
Limerick,Southcentral Ontario,Hastings,,
Lincoln,Southwestern Ontario,Niagara,,
London,Southwestern Ontario,Middlesex,,
Loyalist,Southeastern Ontario,Lennox and Addington,,
Lucan Biddulph,Southwestern Ontario,Middlesex,,
"Macdonald, Meredith and Aberdeen Additional",Central Ontario,Algoma,,
Machar,Southcentral Ontario,Parry Sound,,
Machin,Northwestern Ontario,Kenora,,
Madawaska Valley,Southeastern Ontario,Renfrew,,
Madoc,Southcentral Ontario,Hastings,,
Magnetawan,Southcentral Ontario,Parry Sound,,
Malahide,Southwestern Ontario,Elgin,,
Manitouwadge,Northwestern Ontario,Thunder Bay,,
Mapleton,Southeastern Ontario,Wellington,,
Marathon,Northwestern Ontario,Thunder Bay,,
Markham,Greater Toronto Area,York,,
Markstay-Warren,Central Ontario,Sudbury,,
Marmora and Lake,Southcentral Ontario,Hastings,,
Matachewan,Central Ontario,Timiskaming,,
Mattawa,Central Ontario,Nipissing,,
Mattawan,Central Ontario,Nipissing,,
Mattice-Val Côté,Central Ontario,Cochrane,,
McDougall,Southcentral Ontario,Parry Sound,,
McGarry,Central Ontario,Timiskaming,,
McKellar,Southcentral Ontario,Parry Sound,,
McMurrich/Monteith,Southcentral Ontario,Parry Sound,,
McNab/Braeside,Southeastern Ontario,Renfrew,,
Meaford,Southcentral Ontario,Grey,,
Melancthon,Greater Toronto Area,Dufferin,,
Merrickville-Wolford,Southeastern Ontario,Leeds and Grenville,,
Middlesex,Southwestern Ontario,Middlesex,,
Middlesex Centre,Southwestern Ontario,Middlesex,,
Midland,Southwestern Ontario,Simcoe,,
Milton,Greater Toronto Area,Halton,,
Minden Hills,Southcentral Ontario,haliburton,,
Minto,Southeastern Ontario,Wellington,,
Mississauga,Greater Toronto Area,Peel,,
Mississippi Mills,Southeastern Ontario,Lanark,,
Mono,Greater Toronto Area,Dufferin,,
Montague,Southeastern Ontario,Lanark,,
Moonbeam,Central Ontario,Cochrane,,
Moosonee,Central Ontario,Cochrane,,
Morley,Northwestern Ontario,Rainy River,,
Morris-Turnberry,Southcentral Ontario,Huron,,
Mulmur,Greater Toronto Area,Dufferin,,
Muskoka,Southcentral Ontario,Muskoka,,
Muskoka Lakes,Southcentral Ontario,Muskoka,,
Nairn and Hyman,Central Ontario,Sudbury,,
Neebing,Northwestern Ontario,Thunder Bay,,
New Tecumseth,Southwestern Ontario,Simcoe,,
Newbury,Southwestern Ontario,Middlesex,,
Newmarket,Greater Toronto Area,York,,
Niagara,Southwestern Ontario,Niagara,,
Niagara Falls,Southwestern Ontario,Niagara,,
Niagara-on-the-Lake,Southwestern Ontario,Niagara,,
Nipigon,Northwestern Ontario,Thunder Bay,,
Nipissing,Southcentral Ontario,Parry Sound,,
Norfolk County,Southwestern Ontario,Norfolk,,
North Algona Wilberforce,Southeastern Ontario,Renfrew,,
North Bay,Central Ontario,Nipissing,,
North Dumfries,Greater Toronto Area,Waterloo,,
North Dundas,Southeastern Ontario,"Stormont, Dundas and Glengarry",,
North Frontenac,Southeastern Ontario,Frontenac,,
North Glengarry,Southeastern Ontario,"Stormont, Dundas and Glengarry",,
North Grenville,Southeastern Ontario,Leeds and Grenville,,
North Huron,Southcentral Ontario,Huron,,
North Kawartha,Greater Toronto Area,Peterborough,,
North Middlesex,Southwestern Ontario,Middlesex,,
North Perth,Southeastern Ontario,Perth,,
North Stormont,Southeastern Ontario,"Stormont, Dundas and Glengarry",,
North York,Greater Toronto Area,Toronto,,
Northeastern Manitoulin and The Islands,Central Ontario,Manitoulin,,
Northern Bruce Peninsula,Southcentral Ontario,Bruce,,
Northumberland,Southeastern Ontario,Northumberland,,
Norwich,Southwestern Ontario,Oxford,,
O'Connor,Northwestern Ontario,Thunder Bay,,
Oakville,Greater Toronto Area,Halton,,
Oil Springs,Southwestern Ontario,Lambton,,
Oliver Paipoonge,Northwestern Ontario,Thunder Bay,,
Opasatika,Central Ontario,Cochrane,,
Orangeville,Greater Toronto Area,Dufferin,,
Orillia,Southwestern Ontario,Simcoe,,
Oro-Medonte,Southwestern Ontario,Simcoe,,
Oshawa,Greater Toronto Area,Durham,,
Otonabee-South Monaghan,Greater Toronto Area,Peterborough,,
Ottawa,Southeastern Ontario,Ottawa,,
Owen Sound,Southcentral Ontario,Grey,,
Oxford,Southwestern Ontario,Oxford,,
Papineau-Cameron,Central Ontario,Nipissing,,
Parry Sound,Southcentral Ontario,Parry Sound,,
Peel,Greater Toronto Area,Peel,,
Pelee,Southwestern Ontario,Essex,,
Pelham,Southwestern Ontario,Niagara,,
Pembroke,Southeastern Ontario,Renfrew,,
Penetanguishene,Southwestern Ontario,Simcoe,,
Perry,Southcentral Ontario,Parry Sound,,
Perth,Southeastern Ontario,Lanark,,
Perth East,Southeastern Ontario,Perth,,
Perth South,Southeastern Ontario,Perth,,
Petawawa,Southeastern Ontario,Renfrew,,
Peterborough,Greater Toronto Area,Peterborough,,
Petrolia,Southwestern Ontario,Lambton,,
Pickering,Greater Toronto Area,Durham,,
Pickle Lake,Northwestern Ontario,Kenora,,
Plummer Additional,Central Ontario,Algoma,,
Plympton-Wyoming,Southwestern Ontario,Lambton,,
Point Edward,Southwestern Ontario,Lambton,,
Port Colborne,Southwestern Ontario,Niagara,,
Port Hope,Southeastern Ontario,Northumberland,,
Powassan,Southcentral Ontario,Parry Sound,,
Prescott,Southeastern Ontario,Leeds and Grenville,,
Prescott and Russell,Southeastern Ontario,Prescott and Russell,,
Prince,Central Ontario,Algoma,,
Prince Edward,Southeastern Ontario,Prince Edward,,
Puslinch,Southeastern Ontario,Wellington,,
Quinte West,Southcentral Ontario,Hastings,,
Rainy River,Northwestern Ontario,Rainy River,,
Ramara,Southwestern Ontario,Simcoe,,
Red Lake,Northwestern Ontario,Kenora,,
Red Rock,Northwestern Ontario,Thunder Bay,,
Renfrew,Southeastern Ontario,Renfrew,,
Richmond Hill,Greater Toronto Area,York,,
Rideau Lakes,Southeastern Ontario,Leeds and Grenville,,
Russell,Southeastern Ontario,Prescott and Russell,,
Ryerson,Southcentral Ontario,Parry Sound,,
Sables-Spanish Rivers,Central Ontario,Sudbury,,
Sarnia,Southwestern Ontario,Lambton,,
Saugeen Shores,Southcentral Ontario,Bruce,,
Sault Ste. Marie,Central Ontario,Algoma,,
Scarborough,Greater Toronto Area,Toronto,,
Schreiber,Northwestern Ontario,Thunder Bay,,
Scugog,Greater Toronto Area,Durham,,
Seguin,Southcentral Ontario,Parry Sound,,
Selwyn,Greater Toronto Area,Peterborough,,
Severn,Southwestern Ontario,Simcoe,,
Shelburne,Greater Toronto Area,Dufferin,,
Shuniah,Northwestern Ontario,Thunder Bay,,
Simcoe,Southwestern Ontario,Simcoe,,
Sioux Lookout,Northwestern Ontario,Kenora,,
Sioux Narrows-Nestor Falls,Northwestern Ontario,Kenora,,
Smiths Falls,Southeastern Ontario,Lanark,,
Smooth Rock Falls,Central Ontario,Cochrane,,
South Algonquin,Central Ontario,Nipissing,,
South Bruce,Southcentral Ontario,Bruce,,
South Bruce Peninsula,Southcentral Ontario,Bruce,,
South Dundas,Southeastern Ontario,"Stormont, Dundas and Glengarry",,
South Frontenac,Southeastern Ontario,Frontenac,,
South Glengarry,Southeastern Ontario,"Stormont, Dundas and Glengarry",,
South Huron,Southcentral Ontario,Huron,,
South River,Southcentral Ontario,Parry Sound,,
South Stormont,Southeastern Ontario,"Stormont, Dundas and Glengarry",,
South-West Oxford,Southwestern Ontario,Oxford,,
Southgate,Southcentral Ontario,Grey,,
Southwest Middlesex,Southwestern Ontario,Middlesex,,
Southwold,Southwestern Ontario,Elgin,,
Spanish,Central Ontario,Algoma,,
Springwater,Southwestern Ontario,Simcoe,,
St. Catharines,Southwestern Ontario,Niagara,,
St. Clair,Southwestern Ontario,Lambton,,
St. Joseph,Central Ontario,Algoma,,
St. Marys,Southeastern Ontario,Perth,,
St. Thomas,Southwestern Ontario,Elgin,,
St.-Charles,Central Ontario,Sudbury,,
Stirling-Rawdon,Southcentral Ontario,Hastings,,
Stone Mills,Southeastern Ontario,Lennox and Addington,,
"Stormont, Dundas and Glengarry",Southeastern Ontario,"Stormont, Dundas and Glengarry",,
Stratford,Southeastern Ontario,Perth,,
Strathroy-Caradoc,Southwestern Ontario,Middlesex,,
Strong,Southcentral Ontario,Parry Sound,,
Sundridge,Southcentral Ontario,Parry Sound,,
Tarbutt,Central Ontario,Algoma,,
Tay,Southwestern Ontario,Simcoe,,
Tay Valley,Southeastern Ontario,Lanark,,
Tecumseh,Southwestern Ontario,Essex,,
Tehkummah,Central Ontario,Manitoulin,,
Temagami,Central Ontario,Nipissing,,
Temiskaming Shores,Central Ontario,Timiskaming,,
Terrace Bay,Northwestern Ontario,Thunder Bay,,
Thames Centre,Southwestern Ontario,Middlesex,,
The Archipelago,Southcentral Ontario,Parry Sound,,
The Blue Mountains,Southcentral Ontario,Grey,,
The Nation Municipality,Southeastern Ontario,Prescott and Russell,,
The North Shore,Central Ontario,Algoma,,
Thessalon,Central Ontario,Algoma,,
Thornhill,Greater Toronto Area,York,,
Thornloe,Central Ontario,Timiskaming,,
Thorold,Southwestern Ontario,Niagara,,
Thunder Bay,Northwestern Ontario,Thunder Bay,,
Tillsonburg,Southwestern Ontario,Oxford,,
Timmins,Central Ontario,Cochrane,,
Tiny,Southwestern Ontario,Simcoe,,
Toronto,Greater Toronto Area,Toronto,,
Trent Hills,Southeastern Ontario,Northumberland,,
Trent Lakes,Greater Toronto Area,Peterborough,,
Tudor and Cashel,Southcentral Ontario,Hastings,,
Tweed,Southcentral Ontario,Hastings,,
Tyendinaga,Southcentral Ontario,Hastings,,
Uxbridge,Greater Toronto Area,Durham,,
Val Rita-Harty,Central Ontario,Cochrane,,
Vaughan,Greater Toronto Area,York,,
Wainfleet,Southwestern Ontario,Niagara,,
Warwick,Southwestern Ontario,Lambton,,
Wasaga Beach,Southwestern Ontario,Simcoe,,
Waterloo,Greater Toronto Area,Waterloo,,
Wawa,Central Ontario,Algoma,,
Welland,Southwestern Ontario,Niagara,,
Wellesley,Greater Toronto Area,Waterloo,,
Wellington,Southeastern Ontario,Wellington,,
Wellington North,Southeastern Ontario,Wellington,,
West Elgin,Southwestern Ontario,Elgin,,
West Grey,Southcentral Ontario,Grey,,
West Lincoln,Southwestern Ontario,Niagara,,
West Nipissing,Central Ontario,Nipissing,,
West Perth,Southeastern Ontario,Perth,,
Westport,Southeastern Ontario,Leeds and Grenville,,
Whitby,Greater Toronto Area,Durham,,
Whitchurch-Stouffville,Greater Toronto Area,York,,
White River,Central Ontario,Algoma,,
Whitestone,Southcentral Ontario,Parry Sound,,
Whitewater Region,Southeastern Ontario,Renfrew,,
Wilmot,Greater Toronto Area,Waterloo,,
Windsor,Southwestern Ontario,Essex,,
Wollaston,Southcentral Ontario,Hastings,,
Woodstock,Southwestern Ontario,Oxford,,
Woolwich,Greater Toronto Area,Waterloo,,
York,Greater Toronto Area,York,,
Zorra,Southwestern Ontario,Oxford,,
Nepean,Southeastern Ontario,Ottawa,,
Ancaster,Greater Toronto Area,Hamilton,,
Concord,Greater Toronto Area,York,,
Kanata,Southeastern Ontario,Ottawa,,
Etobicoke,Greater Toronto Area,Toronto,,
Barry's Bay,Southeastern Ontario,Renfrew,,
Princeton,Southwestern Ontario,Oxford,,
East York,Greater Toronto Area,Toronto,,
Ottawa East,Southeastern Ontario,Ottawa,,
Utopia,Southwestern Ontario,Simcoe,,
Wingham,Southcentral Ontario,Huron,,
Gloucester,Southeastern Ontario,Ottawa,,
Ilderton,Southcentral Ontario,Huron,,
Unionville,Greater Toronto Area,York,,
Woodbridge,Greater Toronto Area,York,,
Harrow,Southwestern Ontario,Essex,,
Stoney Creek,Greater Toronto Area,Hamilton,,
Bloomfield,Southeastern Ontario,Prince Edward,,
Stouffville,Greater Toronto Area,York,,
Copper Cliff,Central Ontario,Sudbury,,
Sudbury,Central Ontario,Sudbury,,
Ingleside,Southeastern Ontario,Stormont,,
Avonmore,Southeastern Ontario,Stormont,,
Lowbanks,Southeastern Ontario,Northumberland,,
Blue Mountains,Southcentral Ontario,Grey,,
Muncey,Southwestern Ontario,Middlesex,,
Peel Village,Greater Toronto Area,Peel,,
L'Orignal,Southeastern Ontario,Ottawa,,
Port Stanley,Southwestern Ontario,Elgin,,
Beamsville,Southwestern Ontario,Niagara,,
Elmira,Greater Toronto Area,Waterloo,,
Tilbury,Southwestern Ontario,Chatham-Kent,,
Bolton,Greater Toronto Area,Peel,,
Walkerton,Southcentral Ontario,Bruce County,,
Fergus,Southeastern Ontario,Wellington,,
Val Caron,Central Ontario,Sudbury,,
Borden,Southwestern Ontario,Simcoe,,
Lafontaine,Southwestern Ontario,Simcoe,,
Emsdale,Southcentral Ontario,Parry Sound,,
Porcupine,Central Ontario,Timmins,,
Blenheim,Southwestern Ontario,Chatham-Kent,,
Alexandria,Southeastern Ontario,Glengarry,,
Port Elgin,Southcentral Ontario,Bruce County,,
St.Catharines,Southwestern Ontario,Niagara,,
Sault Ste.Marie,Central Ontario,Algoma,,
Port Perry,Greater Toronto Area,Durham,,
St.Thomas,Southwestern Ontario,Elgin,,
Carp,Southeastern Ontario,Ottawa,,
Dundas,Southwestern Ontario,Niagara,,
Ridgetown,Southwestern Ontario,Chatham-Kent,,
Wallaceburg,Southwestern Ontario,Chatham-Kent,,
Roseneath,Northwestern Ontario,northumberland-peterborough south,,
Summerstown,Southeastern Ontario,Glengarry,,
Garson,Central Ontario,Sudbury,,
Mount Albert,Greater Toronto Area,York,,
Paisley,Southeastern Ontario,Northumberland,,
Dunnville,Southeastern Ontario,Northumberland,,
Waterdown,Greater Toronto Area,Hamilton,,
Coldwater,Southwestern Ontario,Simcoe,,
Elora,Southeastern Ontario,Wellington,,
Sauble Beach South,Southcentral Ontario,Bruce County,,
Lion's Head,Southcentral Ontario,Bruce County,,
Chatham,Southwestern Ontario,Chatham-Kent,,
Christian Island,Southcentral Ontario,Midland,,
Sydenham,Southeastern Ontario,Frontenac,,
Strathroy,Southwestern Ontario,Middlesex,,
Orleans South,Southeastern Ontario,Ottawa,,
Richards Landing,Central Ontario,Algoma,,
Alliston,Southwestern Ontario,Simcoe,,
Maple ,Greater Toronto Area,Vaughan,,
Belle River,Southwestern Ontario,Lakeshore,,
Amherstview,Southeastern Ontario,Frontenac,,
Coniston,Central Ontario,Sudbury,,
Lindsay,Southcentral Ontario,Kawartha Lakes,,
Trenton,Southcentral Ontario,Hastings,,
Bowmanville,Greater Toronto Area,Durham,,
Westbrook,Southeastern Ontario,Frontenac,,
Georgetown,Greater Toronto Area,Halton,,
Hannon,Greater Toronto Area,Hamilton,,
Markdale,Southcentral Ontario,Grey Highlands,,
New Hamburg,Greater Toronto Area,Waterloo,,
Cheltenham,Greater Toronto Area,Peel,,
Mount Hope,Greater Toronto Area,Hamilton,,
Fonthill,Southwestern Ontario,Niagara,,
Gormley,Greater Toronto Area,York,,
Sombra,Southwestern Ontario,St. Clair Township,,
Bourget,Southeastern Ontario,Clarence-Rockland,,
Iroquois,Southeastern Ontario,Glengarry,,
Stittsville,Southeastern Ontario,Ottawa,,
Dorchester,Southwestern Ontario,Middlesex,,
Ayr,Greater Toronto Area,Waterloo,,
Osgoode,Southeastern Ontario,Ottawa,,
Caledon East,Greater Toronto Area,Peel,,
Courtland,Southwestern Ontario,Norfolk,,
Ashburn,Greater Toronto Area,Durham,,
Port Severn,Southwestern Ontario,Simcoe,,
Stevensville,Southwestern Ontario,Niagara,,
Brussels,Southcentral Ontario,Huron,,
Scotland,Southwestern Ontario,Oakland - Brant,,
Maple,Greater Toronto Area,Vaughan,,
Oldcastle,Southwestern Ontario,Windsor,,
Teeterville,Southwestern Ontario,Norfolk,,
Wahnapitae,Central Ontario,Sudbury,,
Cedar Valley,Greater Toronto Area,Peterborough,,
Schumacher,Central Ontario,Timmins,,
Manotick,Southeastern Ontario,Ottawa,,
Oro,Southwestern Ontario,Simcoe,,
Mount Pleasant,Greater Toronto Area,Brampton,,
King City,Greater Toronto Area,York,,
St. Williams,Southwestern Ontario,Norfolk,,
Seaforth,Southcentral Ontario,Huron,,
Severn Bridge,Southcentral Ontario,Muskoka,,
Winchester,Southeastern Ontario,Glengarry,,
Courtice,Greater Toronto Area,Durham,,
Port McNicoll,Southwestern Ontario,Simcoe,,
Burford,Southwestern Ontario,Brant,,
Haileybury,Central Ontario,Timiskaming,,
La Salette,Southwestern Ontario,Norfolk,,
Brougham,Greater Toronto Area,Durham,,
Kleinburg,Greater Toronto Area,Vaughan,,
Lakefield,Greater Toronto Area,Peterborough,,
Southampton,Southcentral Ontario,Bruce,,
Wiarton,Southcentral Ontario,Bruce Peninsula,,
Jordan Station,Southwestern Ontario,Lincoln,,
St. George,Southwestern Ontario,Brant,,
Alsfeldt,Southcentral Ontario,Grey,,
Lively,Central Ontario,Sudbury,,
Ruthven,Southwestern Ontario,Essex,,
Alban,Central Ontario,Sudbury,,
Millgrove,Greater Toronto Area,Hamilton,,
Lansdowne,Southeastern Ontario,Leeds,,
Port Carling,Southcentral Ontario,Muskoka,,
Bobcaygeon,Southcentral Ontario,Trent - Severn,,
Alton,Greater Toronto Area,Caledon,,
Drumbo,Southwestern Ontario,Oxford,,
Elmvale,Southwestern Ontario,Simcoe,,
Navan,Southeastern Ontario,Ottawa,,
Downey,Northwestern Ontario,Thunder Bay,,
Picton,Southeastern Ontario,Prince Edward County,,
Kemptville,Southeastern Ontario,North Grenville,,
Exeter,Southcentral Ontario,Huron,,
Queensville,Greater Toronto Area,York,,
Vanessa,Southwestern Ontario,Norfolk,,
Cookstown,Southcentral Ontario,Innisfil,,
Chesley,Southcentral Ontario,Bruce,,
Schomberg,Greater Toronto Area,York,,
Langton,Southwestern Ontario,Norfolk,,
Kinghorn,Greater Toronto Area,York,,
Orleans,Southeastern Ontario,Ottawa,,
Almonte,Southeastern Ontario,Lanark,,
Bradford,Southwestern Ontario,Simcoe,,
Rosseau Road,Southcentral Ontario,Parry Sound,,
Dashwood,Southcentral Ontario,Huron,,
Springford,Southwestern Ontario,Oxford,,
Wyoming,Southwestern Ontario,Lambton,,
Otterville,Southwestern Ontario,Oxford,,
Waterford,Southwestern Ontario,Norfolk,,
Orono,Greater Toronto Area,Clarington,,
Bond Head,Greater Toronto Area,Durham,,
Paris,Southwestern Ontario,Brant,,
Embrun,Southeastern Ontario,Prescott and Russell,,
Vineland Station,Southwestern Ontario,Lincoln,,
Pontypool,Greater Toronto Area,Victoria,,
Lynden,Greater Toronto Area,Hamilton,,
Crysler,Southeastern Ontario,Stormont,,
Nobleton,Greater Toronto Area,York,,
Innerkip,Southwestern Ontario,Oxford,,
Bright,Southeastern Ontario,Ottawa,,
Grand Bend,Southwestern Ontario,Lambton,,
Fenwick,Southeastern Ontario,Kingston,,
Beachburg,Southeastern Ontario,Whitewater ,,
New Liskeard,Central Ontario,Timiskaming,,
Embro,Southwestern Ontario,Oxford,,
Maxville,Southeastern Ontario,North Glengarry,,
Delhi,Southwestern Ontario,Norfolk,,
Wheatley,Southwestern Ontario,Chatham - Kent,,
Maidstone,Southwestern Ontario,Tecumseh,,
West Montrose,Greater Toronto Area,Waterloo,,
Fenelon Falls,Southcentral Ontario,Kawarthas,,
Windham Centre,Southwestern Ontario,Norfolk,,
Greely,Southeastern Ontario,Ottawa,,
Staples,Southwestern Ontario,Essex,,
Clarksburg,Southcentral Ontario,Grey,,
Arkona,Southwestern Ontario,Lambton,,
Baden,Greater Toronto Area,Waterloo,,
Shining Tree,Central Ontario,Sudbury,,
Tiverton,Southcentral Ontario,Kincardine,,
Chelmsford,Central Ontario,Sudbury,,
Beeton,Southwestern Ontario,Simcoe,,
Dwight,Southcentral Ontario,Muskoka,,
Mount Brydges,Southwestern Ontario,Middlesex,,
Limehouse,Greater Toronto Area,Halton,,
Breslau,Greater Toronto Area,Waterloo,,
Acton,Greater Toronto Area,Halton,,
Morrisburg,Southeastern Ontario,South Dundas,,
Inglewood,Greater Toronto Area,Caledon,,
Wilsonville,Southwestern Ontario,Norfolk,,
Dresden,Southwestern Ontario,Chatham - Kent,,
Sebringville,Southeastern Ontario,Perth,,
Komoka,Southwestern Ontario,Middlesex,,
Cardinal,Southeastern Ontario,Leeds and Grenville,,
Newtonville,Greater Toronto Area,Durham,,
Vittoria,Southwestern Ontario,Norfolk,,
Bridgenorth,Greater Toronto Area,Peterborough,,
Balmertown,Northwestern Ontario,Kenora,,
Pain Court,Southwestern Ontario,Chatham - Kent,,
North Gower,Southeastern Ontario,Ottawa,,
Seeleys Bay,Southeastern Ontario,Kingston,,
Straffordville,Southwestern Ontario,Elgin,,
Tottenham,Southwestern Ontario,Simcoe,,
Wallacetown,Southwestern Ontario,Dutton,,
Marsville,Greater Toronto Area,Dufferin,,
Keswick,Greater Toronto Area,York,,
Hampton,Greater Toronto Area,Durham,,
Newcastle,Greater Toronto Area,Durham,,
Zurich,Southcentral Ontario,Huron,,
Tupperville,Southwestern Ontario,Chatham - Kent,,
Egbert,Southwestern Ontario,Simcoe,,
Vienna,Southwestern Ontario,Calton,,
Carlisle,Greater Toronto Area,Hamilton,,
Millbank,Southeastern Ontario,Perth,,
Jerseyville,Greater Toronto Area,Hamilton,,
Richmond,Southeastern Ontario,Ottawa,,
Jarvis,Southeastern Ontario,Northumberland,,
Sarsfield,Southeastern Ontario,Ottawa,,
Elmwood,Southcentral Ontario,Grey,,
Napanee,Southeastern Ontario,Kingston,,
Stayner,Southwestern Ontario,Simcoe,,
Holland Landing,Southwestern Ontario,Simcoe,,
Moose Creek,Southeastern Ontario,North Stormont,,
Blackstock,Greater Toronto Area,Durham,,
Hanmer,Central Ontario,Sudbury,,
Ballinafad,Southeastern Ontario,Wellington,,
Smithville,Southwestern Ontario,Niagara,,
Listowel,Southeastern Ontario,Perth,,
Granton,Southcentral Ontario,Huron,,
Colborne,Southwestern Ontario,Niagara,,
Norval,Greater Toronto Area,Halton,,
Grafton,Northwestern Ontario,Northumberland County,,
Feversham,Southcentral Ontario,Grey,,
Earlton,Central Ontario,Timiskaming,,
Minett,Southcentral Ontario,Muskoka,,
Thorndale,Southwestern Ontario,Middlesex,,
Mooretown,Southwestern Ontario,Lambton,,
Odessa,Southeastern Ontario,Lennox,,
Cottam,Southwestern Ontario,Essex,,
Parkhill,Southwestern Ontario,Middlesex,,
Coboconk,Southcentral Ontario,Kawartha Lakes,,
Iron Bridge,Central Ontario,Algoma,,
Bothwell,Southwestern Ontario,Chatham-Kent,,
Ennismore,Greater Toronto Area,Peterborough,,
Millbrook,Greater Toronto Area,Peterborough,,
Omemee,Southcentral Ontario,Kawartha Lakes,,
Merrickville,Southeastern Ontario,Leeds and Grenville,,
Nottawa,Southwestern Ontario,Simcoe,,
Dundalk,Southcentral Ontario,Grey,,
Loretto,Southwestern Ontario,Simcoe,,
Fairmount,Southcentral Ontario,Grey,,
Arthur,Southeastern Ontario,Wellington,,
Elginburg,Southeastern Ontario,Frontenac,,
Caistor Centre,Southwestern Ontario,Lincoln,,
Everett,Southwestern Ontario,Simcoe,,
Keene,Greater Toronto Area,Peterborough,,
Thornbury,Southcentral Ontario,Grey,,
Caledon Village,Greater Toronto Area,Peel,,
Mitchell,Southeastern Ontario,Perth,,
Kent Bridge,Southwestern Ontario,Chatham-Kent,,
Brownsville,Southwestern Ontario,Oxford,,
Ashton,Southeastern Ontario,Ottawa,,
Bala,Southcentral Ontario,Muskoka,,
Oakland,Southwestern Ontario,Essex,,
Midhurst,Southwestern Ontario,Simcoe,,
McKerrow,Central Ontario,Sudbury,,
Watford,Southwestern Ontario,Lambton,,
Vineland,Southwestern Ontario,Niagara,,
Woodville,Southcentral Ontario,Kawartha Lakes,,
Waubaushene,Southwestern Ontario,Simcoe,,
Ridgeway,Southwestern Ontario,Niagara,,
Corbyville,Southcentral Ontario,Hastings,,
Campbellville,Greater Toronto Area,Halton,,
Mallorytown,Southeastern Ontario,Leeds and Grenville,,
Morewood,Southeastern Ontario,Glengarry,,
Stirling,Southcentral Ontario,Hastings,,
Savant Lake,Northwestern Ontario,Kenora,,
Kars,Southeastern Ontario,Ottawa,,
Milverton,Southeastern Ontario,Perth,,
Baysville,Southcentral Ontario,Muskoka,,
Locust Hill,Greater Toronto Area,York,,
Kinburn,Southcentral Ontario,Huron,,
Carrying Place,Greater Toronto Area,York,,
Rockwood,Southeastern Ontario,Wellington,,
Sauble Beach,Southcentral Ontario,Bruce,,
Wooler,Southcentral Ontario,Hastings,,
Bailieboro,Greater Toronto Area,Peterborough,,
Port Burwell,Southwestern Ontario,Elgin,,
Huron Park,Greater Toronto Area,Waterloo,,
Turkey Point,Southwestern Ontario,Norfolk,,
Pefferlaw,Greater Toronto Area,York,,
Cannington,Greater Toronto Area,Durham,,
Kakabeka Falls,Northwestern Ontario,Thunder Bay,,
Glencoe,Southwestern Ontario,Middlesex,,
Braeside,Southeastern Ontario,Renfrew,,
Palmerston,Southeastern Ontario,Wellington,,
Lefroy,Southwestern Ontario,Simcoe,,
Florence,Southwestern Ontario,Lambton,,
Orléans,Southeastern Ontario,Ottawa,,
Whitney,Central Ontario,Nipissing,,
Lucan,Southwestern Ontario,Middlesex,,
Hawkestone,Southwestern Ontario,Simcoe,,
Sturgeon Falls,Central Ontario,Nipissing,,
Victoria Harbour,Southwestern Ontario,Simcoe,,
Long Sault,Southeastern Ontario,"Stormont, Dundas and Glengarry",,
Walton,Southcentral Ontario,Huron,,
Vars,Southeastern Ontario,Ottawa,,
Tavistock,Southwestern Ontario,Oxford,,
Burgessville,Southwestern Ontario,Oxford,,
Dalkeith,Southeastern Ontario,"Stormont, Dundas and Glengarry",,
Maitland,Southeastern Ontario,Leeds and Grenville,,
Campbellford,Southeastern Ontario,Northumberland,,
Clinton,Southcentral Ontario,Huron,,
Baltimore,Southeastern Ontario,Northumberland,,
Dobbinton,Southcentral Ontario,Bruce,,
Sharbot Lake,Southeastern Ontario,Frontenac,,
Fraserville,Greater Toronto Area,Peterborough,,
Ennotville,Southeastern Ontario,Wellington,,
Glenburnie,Southeastern Ontario,Frontenac,,
Teeswater,Southcentral Ontario,Bruce,,
St. Andrews,Southeastern Ontario,"Stormont, Dundas and Glengarry",,
Azilda,Central Ontario,Sudbury,,
Corunna,Southwestern Ontario,Lambton,,
Tobermory,Southcentral Ontario,Bruce,,
Canfield,Southeastern Ontario,Northumberland,,
Denfield,Southwestern Ontario,Middlesex,,
St.George,Southwestern Ontario,Brant,,
Mc Kerrow,Central Ontario,Sudbury,,
St.Marys,Southeastern Ontario,Perth,,
St.Williams,Southwestern Ontario,Norfolk,,
Vankleek Hill,Southeastern Ontario,Ottawa,,
Consecon,Southeastern Ontario,Prince Edward,,
Manitowaning,Central Ontario,Manitoulin,,
St.Andrews,Southeastern Ontario,"Stormont, Dundas and Glengarry",,
Conn,Southcentral Ontario,Grey,,
Nanticoke,Southeastern Ontario,Northumberland,,
Cayuga,Southeastern Ontario,Northumberland,,
Hagersville,Southeastern Ontario,Northumberland,,
Rockcliffe Park,Southeastern Ontario,Ottawa,,
Astorville,Central Ontario,Nipissing,,
Keewatin,Northwestern Ontario,Kenora,,
Forest,Southwestern Ontario,Lambton,,
Metcalfe,Southeastern Ontario,Ottawa,,
Brights Grove,Southwestern Ontario,Lambton,,
Pointeau Baril,Southcentral Ontario,Parry Sound,,
Petaguishene Beach,Southwestern Ontario,Simcoe,,
Marmora,Southcentral Ontario,Hastings,,
Angus,Southwestern Ontario,Simcoe,,
Curran,Southeastern Ontario,Ottawa,,
Buckhorn,Greater Toronto Area,Peterborough,,
Foxboro,Southcentral Ontario,Hastings,,
Monkton,Southeastern Ontario,Perth,,
New Dundee,Greater Toronto Area,Kitchener,,
Thorne,Central Ontario,Nipissing,,
Markstay,Central Ontario,Sudbury,,
Naughton,Central Ontario,Sudbury,,
Wikwemikong,Central Ontario,Manitoulin,,
Nobel,Southcentral Ontario,Parry Sound,,
Dowling,Central Ontario,Sudbury,,
Sioux Narrows,Northwestern Ontario,Kenora,,
Monetville,Central Ontario,Nipissing,,
Sunderland,Southcentral Ontario,Brock,,
Lucknow,Southcentral Ontario,Bruce,,
Mindemoya,Central Ontario,Manitoulin,,
Massey,Southcentral Ontario,Huron,,
Little Current,Central Ontario,Manitoulin,,
Vermilion Bay,Northwestern Ontario,Kenora,,
Geraldton,Northwestern Ontario,Thunder Bay,,
Vanier,Southeastern Ontario,Ottawa,,
Norwood,Greater Toronto Area,Peterborough,,
Port Dover,Southwestern Ontario,Norfolk,,
Capreol,Central Ontario,Sudbury,,
Woodham,Southcentral Ontario,Huron,,
Iona Station,Southwestern Ontario,Elgin,,
Rosseau,Southcentral Ontario,Parry Sound,,
Monteith,Southcentral Ontario,Parry Sound,,
Burnaby,Southwestern Ontario,Niagara,,
Levack,Central Ontario,Sudbury,,
Charing Cross,Southwestern Ontario,Chatham - Kent,,
Tara,Southcentral Ontario,Arran-Elderslie,,
Thedford,Southwestern Ontario,Lambton,,
Mathers Corners,Greater Toronto Area,Peterborough,,
Port Sydney,Southcentral Ontario,Huntsville,,
Highland Grove,Southcentral Ontario,haliburton,,
Comber,Southwestern Ontario,Essex,,
Putnam,Southwestern Ontario,Middlesex,,
Plantagenet,Southeastern Ontario,Prescott and Russell,,
Shedden,Southwestern Ontario,Elgin,,
Milford Bay,Southcentral Ontario,Muskoka,,
Alma,Southeastern Ontario,Wellington,,
Haldimand,Southeastern Ontario,Northumberland,,
Hillier,Southeastern Ontario,Prince Edward,,
Carlsbad Springs,Southeastern Ontario,Ottawa,,
Port Lambton,Southwestern Ontario,Lambton,,
Montreal River Harbour,Central Ontario,Sudbury,,
Pointof Mara Beach,Southwestern Ontario,Simcoe,,
Claremont,Greater Toronto Area,Durham,,
Rexdale,Greater Toronto Area,Toronto,,
Hartington,Southeastern Ontario,Frontenac,,
Corbeil,Central Ontario,Nipissing,,
Creemore,Southwestern Ontario,Simcoe,,
Queenston,Southwestern Ontario,Niagara,,
Grassie,Southwestern Ontario,Niagara,,
Moffat,Greater Toronto Area,Halton,,
Bath,Southeastern Ontario,Lennox,,
Shakespeare,Southeastern Ontario,Perth,,
Longlac,Northwestern Ontario,Thunder Bay,,
Jacksons Point,Greater Toronto Area,York,,
Nakina,Northwestern Ontario,Thunder Bay,,
Binbrook,Southwestern Ontario,Niagara,,
Neustadt,Southcentral Ontario,Grey,,
Moorefield,Southeastern Ontario,Wellington,,
Connaught,Southeastern Ontario,Renfrew,,
Beaverton,Southcentral Ontario,Brock,,
Bloomingdale,Greater Toronto Area,Waterloo,,
Birch Island,Central Ontario,Manitoulin,,
Whitedog,Northwestern Ontario,Kenora,,
Rockland,Southeastern Ontario,Ottawa,,
Munster,Southeastern Ontario,Ottawa,,
Hillsdale,Greater Toronto Area,Durham,,
Caledonia,Southeastern Ontario,Northumberland,,
Mc Rae Beach,Southwestern Ontario,Simcoe,,
Minesing,Southwestern Ontario,Simcoe,,
Gilford,Southcentral Ontario,Innisfil,,
Kerwood,Central Ontario,Algoma,,
Maberly,Southeastern Ontario,Ottawa,,
New Lowell,Central Ontario,,,
Greensville,Southeastern Ontario,,,
Verner,Central Ontario,,,
Echo Bay,Central Ontario,,,
Frankford,Southeastern Ontario,,,
Williamstown,Southeastern Ontario,,,
Selkirk,Southcentral Ontario,,,
Arva,Southwestern Ontario,,,
Mildmay,Central Ontario,,,
Seagrave,Central Ontario,,,
Thamesville,Southwestern Ontario,,,
Blyth,Greater Toronto Area,,,
Demorestville,Southeastern Ontario,,,
St.Isidore,Southeastern Ontario,,,
Mono Centre,Central Ontario,,,
Union,Southwestern Ontario,,,
Matheson,Central Ontario,,,
Laurel,Southwestern Ontario,,,
Pointeaux Roches,Southwestern Ontario,,,
Glencairn,Central Ontario,,,
St.Charles,Central Ontario,,,
Moose Factory,Central Ontario,,,
Zephyr,Greater Toronto Area,,,
Thornton,Greater Toronto Area,,,
Fingal,Southwestern Ontario,,,
Pakenham,Southeastern Ontario,,,
South Porcupine,Central Ontario,,,
Minden,Central Ontario,,,
Eden,Southwestern Ontario,,,
Holland Centre,Greater Toronto Area,,,
Rama Road,Central Ontario,,,
Palgrave,Greater Toronto Area,,,
Hillsburgh,Greater Toronto Area,,,
North Seguin,Central Ontario,,,
St-Amour,Southeastern Ontario,,,
Little Britain,Central Ontario,,,
South Lancaster,Southeastern Ontario,,,
Ripley,Southwestern Ontario,,,
Ariss,Greater Toronto Area,,,
Churchill,Central Ontario,,,
Calstock,Central Ontario,,,
Havelock,Southeastern Ontario,,,
Sharon,Southwestern Ontario,,,
Salford,Southwestern Ontario,,,
Edwards,Southeastern Ontario,,,
Plainfield,Southeastern Ontario,,,
L'Amable,Central Ontario,,,
Morson,Northwestern Ontario,,,
Fournier,Southeastern Ontario,,,
Highgate,Southwestern Ontario,,,
Utterson,Central Ontario,,,
Wendover,Southeastern Ontario,,,
Proton Station,Greater Toronto Area,,,
Fullarton,Southwestern Ontario,,,
Ottawa West,Southeastern Ontario,,,
Shannonville,Southeastern Ontario,,,
Centretown,Southeastern Ontario,,,
